,cellnames,scPagwas.gPAS.score
P4TLH_AACTCAGTCCTACAGA_1,P4TLH_AACTCAGTCCTACAGA_1,-14734797.6260319
P4TLH_CAAGTTGAGCAGGTCA_1,P4TLH_CAAGTTGAGCAGGTCA_1,28.9605477564074
P3TLH_TGTCCCAGTCTGGTCG_1,P3TLH_TGTCCCAGTCTGGTCG_1,61.7803649714631
P1TLH_CAGAGAGTCACGCATA_1,P1TLH_CAGAGAGTCACGCATA_1,35.8792694871857
P4TLH_CGTGTCTTCTCCGGTT_1,P4TLH_CGTGTCTTCTCCGGTT_1,105.523728590097
P3TLH_TAAACCGCAGACGCCT_1,P3TLH_TAAACCGCAGACGCCT_1,20.2001166675722
P2TLH_CGTAGCGAGTTGCAGG_1,P2TLH_CGTAGCGAGTTGCAGG_1,24.4382485115656
P5TLH_TTGCGTCCAATGGTCT_1,P5TLH_TTGCGTCCAATGGTCT_1,22.9723790765925
P3TLH_AAGTCTGGTTGCGTTA_1,P3TLH_AAGTCTGGTTGCGTTA_1,8.59610784631492
P4TLH_GTTACAGCATCACAAC_1,P4TLH_GTTACAGCATCACAAC_1,-2.63834272637004
P1TLH_AAGGTTCAGTGGACGT_1,P1TLH_AAGGTTCAGTGGACGT_1,49.1122739293339
P1TLH_GTACTCCCAGATGGGT_1,P1TLH_GTACTCCCAGATGGGT_1,20.9588077258405
P1TLH_CTACGTCGTAGCGTCC_1,P1TLH_CTACGTCGTAGCGTCC_1,26.148233288319
P5TLH_GCCAAATAGAAACCTA_1,P5TLH_GCCAAATAGAAACCTA_1,33.6194706680913
P3TLH_GTGGGTCCAGCTCGCA_1,P3TLH_GTGGGTCCAGCTCGCA_1,34.0635971476321
P3TLH_CGAATGTCAAACTGCT_1,P3TLH_CGAATGTCAAACTGCT_1,2.14174715388833
P5TLH_GCTGGGTAGGGCTCTC_1,P5TLH_GCTGGGTAGGGCTCTC_1,22.0237496214092
P3TLH_CAACTAGCACCGTTGG_1,P3TLH_CAACTAGCACCGTTGG_1,14.1861365421352
P2TLH_GGGTTGCGTTCTCATT_1,P2TLH_GGGTTGCGTTCTCATT_1,24.3202266538552
P3TLH_GATCGATTCAAGGTAA_1,P3TLH_GATCGATTCAAGGTAA_1,18.0166480199418
P3TLH_CATATTCGTTCCACTC_1,P3TLH_CATATTCGTTCCACTC_1,4.11377101696607
P5TLH_CGGTTAAGTGAGTATA_1,P5TLH_CGGTTAAGTGAGTATA_1,14.0138191852734
P3TLH_TGATTTCCACACTGCG_1,P3TLH_TGATTTCCACACTGCG_1,18.6679244926237
P5TLH_GTTCATTGTTCACGGC_1,P5TLH_GTTCATTGTTCACGGC_1,22.6154287878015
P3TLH_TTCGGTCCAAGGACTG_1,P3TLH_TTCGGTCCAAGGACTG_1,3.59814387543744
P3TLH_TCTGAGAAGATGGGTC_1,P3TLH_TCTGAGAAGATGGGTC_1,20.8862427805452
P3TLH_CACAGGCAGAAGAAGC_1,P3TLH_CACAGGCAGAAGAAGC_1,10.8975765380333
P3TLH_CACTCCAGTAGAGTGC_1,P3TLH_CACTCCAGTAGAGTGC_1,21.2001400526378
P4TLH_GCAGTTAAGGGCACTA_1,P4TLH_GCAGTTAAGGGCACTA_1,24.828709969082
P3TLH_AACACGTTCCGTCAAA_1,P3TLH_AACACGTTCCGTCAAA_1,34.3474427563256
P5TLH_CTCGAAACAAGACGTG_1,P5TLH_CTCGAAACAAGACGTG_1,159.61929471953
P4TLH_GCATGCGTCAAGGTAA_1,P4TLH_GCATGCGTCAAGGTAA_1,15.2283936743838
P4TLH_TCGGTAATCAGTTGAC_1,P4TLH_TCGGTAATCAGTTGAC_1,13.6686715710244
P5TLH_ATTGGTGGTTGTCGCG_1,P5TLH_ATTGGTGGTTGTCGCG_1,42.1740616671037
P5TLH_CGAGCACCACAGACAG_1,P5TLH_CGAGCACCACAGACAG_1,28.1557587316592
P5TLH_TCTTTCCTCCTTTCTC_1,P5TLH_TCTTTCCTCCTTTCTC_1,5782421.40165178
P3TLH_AAGGTTCGTTCACGGC_1,P3TLH_AAGGTTCGTTCACGGC_1,34.2986472291468
P3TLH_GTAGGCCGTGGAAAGA_1,P3TLH_GTAGGCCGTGGAAAGA_1,16.4593429265277
P2TLH_TTGTAGGTCCGCGTTT_1,P2TLH_TTGTAGGTCCGCGTTT_1,65.7645992493702
P1TLH_CGTTCTGTCAAACAAG_1,P1TLH_CGTTCTGTCAAACAAG_1,41.7839094958482
P4TLH_GTAACGTCAATCCGAT_1,P4TLH_GTAACGTCAATCCGAT_1,19.976278235538
P5TLH_TGACTTTAGCTGTCTA_1,P5TLH_TGACTTTAGCTGTCTA_1,59.7993192173046
P2TLH_AGATCTGGTACAGTGG_1,P2TLH_AGATCTGGTACAGTGG_1,31.7345391576415
P3TLH_ACCTTTAGTTGAACTC_1,P3TLH_ACCTTTAGTTGAACTC_1,23.0904500558652
P4TLH_CGGACACGTCATCGGC_1,P4TLH_CGGACACGTCATCGGC_1,-0.527922507273388
P3TLH_GTGAAGGTCTGCAAGT_1,P3TLH_GTGAAGGTCTGCAAGT_1,16.3148175915029
P5TLH_TTCTTAGGTGCGAAAC_1,P5TLH_TTCTTAGGTGCGAAAC_1,27.4410425340838
P2TLH_CTAGCCTCAGAGCCAA_1,P2TLH_CTAGCCTCAGAGCCAA_1,16.220996868438
P4TLH_TATCTCAAGCCAACAG_1,P4TLH_TATCTCAAGCCAACAG_1,72.190960831699
P5TLH_CTACGTCGTGACGGTA_1,P5TLH_CTACGTCGTGACGGTA_1,16.7417471819199
P5TLH_CATCCACGTTCAGTAC_1,P5TLH_CATCCACGTTCAGTAC_1,-2.47421839550098
P5TLH_GCATACAAGCCAGAAC_1,P5TLH_GCATACAAGCCAGAAC_1,7.00592096190739
P3TLH_GCTGGGTCAGTAAGCG_1,P3TLH_GCTGGGTCAGTAAGCG_1,12.6460909663087
P1TLH_TCAACGAAGGCGTACA_1,P1TLH_TCAACGAAGGCGTACA_1,25.351795865167
P5TLH_CTAGCCTAGTACGATA_1,P5TLH_CTAGCCTAGTACGATA_1,272.55478248852
P1TLH_TTAGGACAGTAGCGGT_1,P1TLH_TTAGGACAGTAGCGGT_1,20.4029478080517
P3TLH_CTCGAGGGTCACTGGC_1,P3TLH_CTCGAGGGTCACTGGC_1,7.31079286941112
P4TLH_CCGTACTAGTGCGATG_1,P4TLH_CCGTACTAGTGCGATG_1,38.7331179658362
P4TLH_CTTAGGATCCACGACG_1,P4TLH_CTTAGGATCCACGACG_1,17.5243083227273
P5TLH_ATCACGATCTAAGCCA_1,P5TLH_ATCACGATCTAAGCCA_1,14.3551235163553
P4TLH_CACATAGCACCCTATC_1,P4TLH_CACATAGCACCCTATC_1,19.7857038180443
P2TLH_ATCATGGAGCTAAACA_1,P2TLH_ATCATGGAGCTAAACA_1,44.1185859733421
P5TLH_CAGCCGAAGAGACTAT_1,P5TLH_CAGCCGAAGAGACTAT_1,35.0407477393849
P3TLH_AACCGCGCACACATGT_1,P3TLH_AACCGCGCACACATGT_1,23.3085014656968
P1TLH_CTCCTAGCAATGCCAT_1,P1TLH_CTCCTAGCAATGCCAT_1,199.414208898859
P5TLH_CGCGGTAAGAAACGCC_1,P5TLH_CGCGGTAAGAAACGCC_1,30.2764013116068
P1TLH_CTGTTTAAGGAATGGA_1,P1TLH_CTGTTTAAGGAATGGA_1,11.3404225931167
P4TLH_CAGCGACCACATGACT_1,P4TLH_CAGCGACCACATGACT_1,21.0264394171041
P5TLH_GAAATGACACCGAATT_1,P5TLH_GAAATGACACCGAATT_1,26.115917308859
P5TLH_TGACTTTCATGTAGTC_1,P5TLH_TGACTTTCATGTAGTC_1,18.7368447380776
P4TLH_CCCTCCTCAGTCGATT_1,P4TLH_CCCTCCTCAGTCGATT_1,62.4540173756188
P1TLH_AACTTTCGTTTGCATG_1,P1TLH_AACTTTCGTTTGCATG_1,-2.76408236677133
P3TLH_ACGCCGACACCGGAAA_1,P3TLH_ACGCCGACACCGGAAA_1,7.8913472775597
P3TLH_ACACCAATCGGTGTTA_1,P3TLH_ACACCAATCGGTGTTA_1,7.60609486083017
P3TLH_ATCTACTTCCCACTTG_1,P3TLH_ATCTACTTCCCACTTG_1,-0.398957526508904
P3TLH_TTGACTTGTTCCCGAG_1,P3TLH_TTGACTTGTTCCCGAG_1,19.042283990918
P1TLH_CCTATTAAGTCCGTAT_1,P1TLH_CCTATTAAGTCCGTAT_1,9.77317478839156
P3TLH_TAGTGGTGTGATGCCC_1,P3TLH_TAGTGGTGTGATGCCC_1,16.3357516981158
P5TLH_CATCCACAGAGTCTGG_1,P5TLH_CATCCACAGAGTCTGG_1,17.7879723548912
P1TLH_CCGTACTTCCATTCTA_1,P1TLH_CCGTACTTCCATTCTA_1,28.3877157193584
P5TLH_GATCGCGAGACTGGGT_1,P5TLH_GATCGCGAGACTGGGT_1,23.6912067688242
P1TLH_CCTAAAGCACCCATTC_1,P1TLH_CCTAAAGCACCCATTC_1,15.3069867742629
P2TLH_CCTTCCCAGCTAACAA_1,P2TLH_CCTTCCCAGCTAACAA_1,10.9105734351372
P3TLH_ACAGCCGCATGGTCTA_1,P3TLH_ACAGCCGCATGGTCTA_1,19.3453998495298
P3TLH_TCTCTAATCTTTAGGG_1,P3TLH_TCTCTAATCTTTAGGG_1,26.5160180097535
P1TLH_CAACCTCAGATGTTAG_1,P1TLH_CAACCTCAGATGTTAG_1,19.0293756777318
P3TLH_TCAACGAGTCCGAAGA_1,P3TLH_TCAACGAGTCCGAAGA_1,18.2863840934514
P5TLH_CCAGCGATCGGAGGTA_1,P5TLH_CCAGCGATCGGAGGTA_1,23.0560852469312
P3TLH_CTACGTCGTGTGGTTT_1,P3TLH_CTACGTCGTGTGGTTT_1,-3.77322097920455
P1TLH_TCTGGAAGTAGTACCT_1,P1TLH_TCTGGAAGTAGTACCT_1,13.8975649348593
P3TLH_GACTAACGTGTTCGAT_1,P3TLH_GACTAACGTGTTCGAT_1,11.1590504904103
P5TLH_TGGCTGGAGATTACCC_1,P5TLH_TGGCTGGAGATTACCC_1,26.3628276435242
P4TLH_TGGTTCCTCAGCGATT_1,P4TLH_TGGTTCCTCAGCGATT_1,22.2996774171457
P3TLH_AGGGTGACAGGAATCG_1,P3TLH_AGGGTGACAGGAATCG_1,10.6120805123318
P5TLH_ACGCCGAAGAAACCGC_1,P5TLH_ACGCCGAAGAAACCGC_1,45.1252813965322
P2TLH_CATGGCGAGTACCGGA_1,P2TLH_CATGGCGAGTACCGGA_1,-0.232039692301089
P2TLH_CACTCCACAGACGCCT_1,P2TLH_CACTCCACAGACGCCT_1,9.64939505003616
P1TLH_CAGCAGCTCACCCTCA_1,P1TLH_CAGCAGCTCACCCTCA_1,56.4536941926002
P5TLH_ACATCAGGTACCAGTT_1,P5TLH_ACATCAGGTACCAGTT_1,44.5907386219752
P5TLH_CCGTACTAGCCACGTC_1,P5TLH_CCGTACTAGCCACGTC_1,26.4381081850066
P4TLH_AACTCTTCAGCTGCTG_1,P4TLH_AACTCTTCAGCTGCTG_1,26.3586290494294
P3TLH_GGGACCTTCACCACCT_1,P3TLH_GGGACCTTCACCACCT_1,6.39316645964151
P4TLH_CATTATCGTACATCCA_1,P4TLH_CATTATCGTACATCCA_1,71.5262503298281
P4TLH_TGATTTCTCTGCGTAA_1,P4TLH_TGATTTCTCTGCGTAA_1,19.1152941969303
P3TLH_CCAATCCGTTCCCGAG_1,P3TLH_CCAATCCGTTCCCGAG_1,27.1919188014319
P1TLH_GCTTCCAAGGCGATAC_1,P1TLH_GCTTCCAAGGCGATAC_1,15.0353034877391
P1TLH_GGTATTGAGCTCCTCT_1,P1TLH_GGTATTGAGCTCCTCT_1,-9826811.62034293
P3TLH_CGTCCATTCGTTGCCT_1,P3TLH_CGTCCATTCGTTGCCT_1,53.2926681025294
P5TLH_CTCTGGTTCCCTGACT_1,P5TLH_CTCTGGTTCCCTGACT_1,235.259624712621
P1TLH_CGGACACAGGCAGGTT_1,P1TLH_CGGACACAGGCAGGTT_1,18.5446106637
P1TLH_TTAGGACAGGTGTGGT_1,P1TLH_TTAGGACAGGTGTGGT_1,21.3569355662702
P3TLH_TCACAAGGTATATGGA_1,P3TLH_TCACAAGGTATATGGA_1,30.2589270052452
P3TLH_GCATACAAGGACGAAA_1,P3TLH_GCATACAAGGACGAAA_1,28.5516224532371
P3TLH_GCTGCTTGTAGCGCAA_1,P3TLH_GCTGCTTGTAGCGCAA_1,-14734797.6260319
P3TLH_ATGTGTGCAGGTCGTC_1,P3TLH_ATGTGTGCAGGTCGTC_1,28.9781913551039
P3TLH_CATGCCTGTGCTGTAT_1,P3TLH_CATGCCTGTGCTGTAT_1,15.6435080710252
P3TLH_GATGCTAGTCCAGTAT_1,P3TLH_GATGCTAGTCCAGTAT_1,19.2552269714611
P4TLH_GGAAAGCCAATCCAAC_1,P4TLH_GGAAAGCCAATCCAAC_1,15.1056213934758
P1TLH_GTTACAGGTCTCGTTC_1,P1TLH_GTTACAGGTCTCGTTC_1,236.100311897471
P5TLH_ATAGACCGTTTGTTGG_1,P5TLH_ATAGACCGTTTGTTGG_1,33.0152163155334
P5TLH_GTAGGCCAGATTACCC_1,P5TLH_GTAGGCCAGATTACCC_1,33.7026500521599
P3TLH_GTAGTCAAGTAGGTGC_1,P3TLH_GTAGTCAAGTAGGTGC_1,22.5944803747394
P3TLH_TGACTAGGTTAGATGA_1,P3TLH_TGACTAGGTTAGATGA_1,9.99721123869197
P3TLH_CACCACTCAAACGTGG_1,P3TLH_CACCACTCAAACGTGG_1,2.2238609460777
P3TLH_CATGCCTGTAATCACC_1,P3TLH_CATGCCTGTAATCACC_1,39.1002696858884
P1TLH_CCAATCCGTCTCTCTG_1,P1TLH_CCAATCCGTCTCTCTG_1,10.1503063022989
P3TLH_TAAGCGTCATGGTTGT_1,P3TLH_TAAGCGTCATGGTTGT_1,15.0424090306511
P1TLH_CGTAGCGTCCTTCAAT_1,P1TLH_CGTAGCGTCCTTCAAT_1,26.2166264273194
P3TLH_CTCGTACCATGTTCCC_1,P3TLH_CTCGTACCATGTTCCC_1,69.9440404330445
P1TLH_CTAACTTCATGACGGA_1,P1TLH_CTAACTTCATGACGGA_1,22.3953864135375
P5TLH_CGTAGGCGTGTAAGTA_1,P5TLH_CGTAGGCGTGTAAGTA_1,21.3537080558689
P3TLH_ACACCCTCAGCCTGTG_1,P3TLH_ACACCCTCAGCCTGTG_1,20.9207560539221
P1TLH_CCGGTAGAGTCCAGGA_1,P1TLH_CCGGTAGAGTCCAGGA_1,6.19391495990758
P1TLH_TCGGGACTCCGAAGAG_1,P1TLH_TCGGGACTCCGAAGAG_1,-14734797.6260319
P3TLH_ACGGCCAGTCGCCATG_1,P3TLH_ACGGCCAGTCGCCATG_1,9.58693188104881
P5TLH_ATGCGATCAAGTTCTG_1,P5TLH_ATGCGATCAAGTTCTG_1,22.8732671774211
P5TLH_TCTCATATCGTTTAGG_1,P5TLH_TCTCATATCGTTTAGG_1,57.5616217363671
P4TLH_CACATAGAGCTAGCCC_1,P4TLH_CACATAGAGCTAGCCC_1,28.2253882691644
P5TLH_TCGTAGAGTCCCTACT_1,P5TLH_TCGTAGAGTCCCTACT_1,17.742043654322
P3TLH_CTTCTCTCAGGTCGTC_1,P3TLH_CTTCTCTCAGGTCGTC_1,10.5430427690083
P3TLH_CTCGTACGTTAAGGGC_1,P3TLH_CTCGTACGTTAAGGGC_1,46.3930914407961
P4TLH_GTCATTTGTACAGCAG_1,P4TLH_GTCATTTGTACAGCAG_1,28.2481517440775
P3TLH_GAAGCAGGTAGCGCTC_1,P3TLH_GAAGCAGGTAGCGCTC_1,49.4012359367145
P3TLH_TGCGGGTTCTATCCTA_1,P3TLH_TGCGGGTTCTATCCTA_1,28.6310254689775
P2TLH_AACTCAGCACCAGATT_1,P2TLH_AACTCAGCACCAGATT_1,46.9898182436925
P4TLH_TTTATGCGTCACAAGG_1,P4TLH_TTTATGCGTCACAAGG_1,13.9656505101443
P5TLH_TTGGCAAGTGTAACGG_1,P5TLH_TTGGCAAGTGTAACGG_1,18.13178658209
P5TLH_CTCTAATGTAATCGTC_1,P5TLH_CTCTAATGTAATCGTC_1,10.2703050870374
P3TLH_CATCCACCACCAGTTA_1,P3TLH_CATCCACCACCAGTTA_1,7.07009496646893
P3TLH_ACTGTCCCATCAGTCA_1,P3TLH_ACTGTCCCATCAGTCA_1,25.7527289680615
P4TLH_CCACTACTCCGTAGGC_1,P4TLH_CCACTACTCCGTAGGC_1,131.525624076926
P3TLH_AGCTCTCCACAGGCCT_1,P3TLH_AGCTCTCCACAGGCCT_1,25.3511312910945
P1TLH_GTTTCTATCAGCGACC_1,P1TLH_GTTTCTATCAGCGACC_1,13.7455694342978
P5TLH_TTCGAAGTCTCTTATG_1,P5TLH_TTCGAAGTCTCTTATG_1,34.5215477893007
P3TLH_TAAGAGAGTTAGGGTG_1,P3TLH_TAAGAGAGTTAGGGTG_1,7.15330878822695
P3TLH_TGAGCCGTCTCGTATT_1,P3TLH_TGAGCCGTCTCGTATT_1,7.72659067614937
P4TLH_CTGATCCTCTGCGGCA_1,P4TLH_CTGATCCTCTGCGGCA_1,215.020910358255
P3TLH_GAATAAGGTAGAAAGG_1,P3TLH_GAATAAGGTAGAAAGG_1,3.67220592230584
P1TLH_GATCAGTCACGAGAGT_1,P1TLH_GATCAGTCACGAGAGT_1,14.933434532459
P2TLH_CCTTACGGTCAGGACA_1,P2TLH_CCTTACGGTCAGGACA_1,50.8766700593713
P3TLH_CGTGTCTAGTGCCATT_1,P3TLH_CGTGTCTAGTGCCATT_1,-6.71200186944304
P5TLH_GTTACAGGTTATGTGC_1,P5TLH_GTTACAGGTTATGTGC_1,32.4202953192951
P3TLH_ATCGAGTAGCTTATCG_1,P3TLH_ATCGAGTAGCTTATCG_1,17.1574679322594
P5TLH_GAGTCCGAGCTTCGCG_1,P5TLH_GAGTCCGAGCTTCGCG_1,13.0709566927392
P5TLH_CAGATCAAGAACAATC_1,P5TLH_CAGATCAAGAACAATC_1,16.048035637629
P5TLH_TGAGCCGCAGGAATCG_1,P5TLH_TGAGCCGCAGGAATCG_1,95.1153250495386
P5TLH_GGGAATGGTTTAGCTG_1,P5TLH_GGGAATGGTTTAGCTG_1,25.4132025001467
P4TLH_TAAGAGACAGCTTCGG_1,P4TLH_TAAGAGACAGCTTCGG_1,32.1499028537541
P4TLH_GTGTGCGCACAAGTAA_1,P4TLH_GTGTGCGCACAAGTAA_1,20.2754562704892
P3TLH_TTGAACGTCCCGGATG_1,P3TLH_TTGAACGTCCCGGATG_1,4.83656231314105
P4TLH_ACCCACTCAATGGAGC_1,P4TLH_ACCCACTCAATGGAGC_1,24.9476268393098
P3TLH_GTTTCTAAGGATGTAT_1,P3TLH_GTTTCTAAGGATGTAT_1,26.3062941069313
P3TLH_GATGAAAGTACCTACA_1,P3TLH_GATGAAAGTACCTACA_1,7.5291277521568
P5TLH_CAACCAAAGATAGTCA_1,P5TLH_CAACCAAAGATAGTCA_1,36.4499718316534
P4TLH_GAGGTGAGTCACCTAA_1,P4TLH_GAGGTGAGTCACCTAA_1,26.4116000100395
P3TLH_GCATACAGTATGAAAC_1,P3TLH_GCATACAGTATGAAAC_1,9.35277315914515
P3TLH_AGAGCTTCAGGAATGC_1,P3TLH_AGAGCTTCAGGAATGC_1,20.7128704965966
P5TLH_GCCTCTAAGCTAGTGG_1,P5TLH_GCCTCTAAGCTAGTGG_1,17.2889449847185
P4TLH_CTCCTAGTCAACACGT_1,P4TLH_CTCCTAGTCAACACGT_1,21.6162550013145
P2TLH_GTATCTTGTAGGAGTC_1,P2TLH_GTATCTTGTAGGAGTC_1,12.6376059858208
P3TLH_CTTACCGAGCCTCGTG_1,P3TLH_CTTACCGAGCCTCGTG_1,19.4564517562391
P3TLH_ACGGCCAGTTCAGTAC_1,P3TLH_ACGGCCAGTTCAGTAC_1,27.6542046259663
P3TLH_ATCTACTTCTATCCTA_1,P3TLH_ATCTACTTCTATCCTA_1,-6.46676050039224
P5TLH_CGCGGTATCTAACCGA_1,P5TLH_CGCGGTATCTAACCGA_1,18.825337897628
P3TLH_ATAGACCGTAGTACCT_1,P3TLH_ATAGACCGTAGTACCT_1,10.5939396072185
P4TLH_CCTCTGACAGGTCCAC_1,P4TLH_CCTCTGACAGGTCCAC_1,14.7730972510322
P3TLH_TGCTGCTTCTTTACAC_1,P3TLH_TGCTGCTTCTTTACAC_1,23.9348737358117
P3TLH_AGACGTTGTAAGAGAG_1,P3TLH_AGACGTTGTAAGAGAG_1,2.95632911954946
P3TLH_TCCACACTCCTATTCA_1,P3TLH_TCCACACTCCTATTCA_1,4.81885595863803
P3TLH_CCTTCCCAGGAATTAC_1,P3TLH_CCTTCCCAGGAATTAC_1,13.539822664503
P5TLH_CCTTCGAAGGGTCTCC_1,P5TLH_CCTTCGAAGGGTCTCC_1,24.1449654300503
P3TLH_TGTTCCGGTATAGGGC_1,P3TLH_TGTTCCGGTATAGGGC_1,-15.3047842778848
P3TLH_GTAGTCAGTCTCTCTG_1,P3TLH_GTAGTCAGTCTCTCTG_1,20.3850284878954
P3TLH_CAGAGAGAGACCCACC_1,P3TLH_CAGAGAGAGACCCACC_1,6.94323711353267
P5TLH_AGAGCGACAAAGCGGT_1,P5TLH_AGAGCGACAAAGCGGT_1,19.6040540936914
P4TLH_GGACATTCACATTCGA_1,P4TLH_GGACATTCACATTCGA_1,43.5381495720425
P4TLH_TCAACGAGTCTTGCGG_1,P4TLH_TCAACGAGTCTTGCGG_1,35.7855628006253
P3TLH_GTCTTCGGTGGCAAAC_1,P3TLH_GTCTTCGGTGGCAAAC_1,12.0037942527302
P1TLH_CACACTCAGATACACA_1,P1TLH_CACACTCAGATACACA_1,15.4679657873768
P5TLH_GAACCTAAGACTGGGT_1,P5TLH_GAACCTAAGACTGGGT_1,22.0443012638775
P3TLH_GACGTTAGTACTTGAC_1,P3TLH_GACGTTAGTACTTGAC_1,13.5207416506754
P3TLH_CGGACTGAGCACCGCT_1,P3TLH_CGGACTGAGCACCGCT_1,4.63235810786446
P3TLH_CGAGCACAGCAGATCG_1,P3TLH_CGAGCACAGCAGATCG_1,1.42768234817054
P5TLH_GGTGCGTTCACAAACC_1,P5TLH_GGTGCGTTCACAAACC_1,17.2209531450966
P3TLH_CTCAGAACAACGATCT_1,P3TLH_CTCAGAACAACGATCT_1,16.284719385074
P3TLH_TGTTCCGTCAAGCCTA_1,P3TLH_TGTTCCGTCAAGCCTA_1,32.1433485110919
P5TLH_GTTACAGGTCTGCGGT_1,P5TLH_GTTACAGGTCTGCGGT_1,28.5337586678939
P3TLH_GCAATCACATACCATG_1,P3TLH_GCAATCACATACCATG_1,30.3633910502892
P4TLH_CATCGGGAGCGTCAAG_1,P4TLH_CATCGGGAGCGTCAAG_1,26.1123059253105
P3TLH_TCAGGTATCGCGTTTC_1,P3TLH_TCAGGTATCGCGTTTC_1,5605260.90323468
P5TLH_CCTACACAGACAAGCC_1,P5TLH_CCTACACAGACAAGCC_1,18.7078620286596
P3TLH_TCTTCGGCACATTCGA_1,P3TLH_TCTTCGGCACATTCGA_1,19.1440292735846
P3TLH_TAGACCACAAGTAATG_1,P3TLH_TAGACCACAAGTAATG_1,5782421.40165178
P3TLH_CAGAGAGCAATCGAAA_1,P3TLH_CAGAGAGCAATCGAAA_1,13.3523220868036
P3TLH_TCCACACCAGTATAAG_1,P3TLH_TCCACACCAGTATAAG_1,18.5596169290716
P4TLH_CGCTATCGTCGAACAG_1,P4TLH_CGCTATCGTCGAACAG_1,18.8874927471167
P2TLH_GGTGTTACACAAGCCC_1,P2TLH_GGTGTTACACAAGCCC_1,26.8696604637466
P3TLH_TGACAACTCTCGCTTG_1,P3TLH_TGACAACTCTCGCTTG_1,18.9554340717772
P3TLH_ACTGAACCATGTAAGA_1,P3TLH_ACTGAACCATGTAAGA_1,12.2538817397358
P3TLH_TTTATGCTCAACTCTT_1,P3TLH_TTTATGCTCAACTCTT_1,19.060595255612
P1TLH_AGGGAGTCATCCCATC_1,P1TLH_AGGGAGTCATCCCATC_1,15.9443872780415
P1TLH_AGATCTGCACCTCGTT_1,P1TLH_AGATCTGCACCTCGTT_1,23.2296731623252
P1TLH_GACTAACTCGTGTAGT_1,P1TLH_GACTAACTCGTGTAGT_1,23.4408780688999
P3TLH_TCAACGAAGGTGCTAG_1,P3TLH_TCAACGAAGGTGCTAG_1,7.57024329865331
P3TLH_CATATTCCATCGTCGG_1,P3TLH_CATATTCCATCGTCGG_1,35.517583361621
P4TLH_GCGCAGTAGGGCATGT_1,P4TLH_GCGCAGTAGGGCATGT_1,40.2130715547667
P2TLH_ACGTCAATCTGTCTAT_1,P2TLH_ACGTCAATCTGTCTAT_1,29.5405595443057
P3TLH_GCCAAATTCTGTTGAG_1,P3TLH_GCCAAATTCTGTTGAG_1,18.1486074567549
P3TLH_TACTTGTAGACAGAGA_1,P3TLH_TACTTGTAGACAGAGA_1,-6559954.54776041
P3TLH_CAGCATATCTTGAGAC_1,P3TLH_CAGCATATCTTGAGAC_1,24.5656865548023
P5TLH_AGAGCGACATGCAATC_1,P5TLH_AGAGCGACATGCAATC_1,23.7119455270816
P5TLH_CCATGTCCAGTATGCT_1,P5TLH_CCATGTCCAGTATGCT_1,33.5864312013524
P3TLH_AGGGAGTAGAGTGACC_1,P3TLH_AGGGAGTAGAGTGACC_1,5782421.40165178
P1TLH_CTGCTGTTCTAACTGG_1,P1TLH_CTGCTGTTCTAACTGG_1,25.0054420455673
P5TLH_AAAGCAAGTGTCAATC_1,P5TLH_AAAGCAAGTGTCAATC_1,18.7147133491302
P2TLH_GACGTGCTCACTCTTA_1,P2TLH_GACGTGCTCACTCTTA_1,26.8294479213384
P4TLH_GGACGTCAGTGTGAAT_1,P4TLH_GGACGTCAGTGTGAAT_1,-10.9069319064306
P4TLH_CCTAGCTCACAGGAGT_1,P4TLH_CCTAGCTCACAGGAGT_1,51.9728964510956
P5TLH_CATATGGTCAAGAAGT_1,P5TLH_CATATGGTCAAGAAGT_1,24.5889713072058
P5TLH_TGGCTGGCAAGGTTTC_1,P5TLH_TGGCTGGCAAGGTTTC_1,5782421.40165178
P3TLH_GCACTCTGTGCTCTTC_1,P3TLH_GCACTCTGTGCTCTTC_1,13.7754037665512
P4TLH_CTGCCTAGTTCGAATC_1,P4TLH_CTGCCTAGTTCGAATC_1,27.727028592091
P3TLH_ACGCAGCAGAACAATC_1,P3TLH_ACGCAGCAGAACAATC_1,15.7117853986163
P3TLH_ACACCAAAGACTTTCG_1,P3TLH_ACACCAAAGACTTTCG_1,11.6258824382726
P4TLH_GTGCGGTTCATCGGAT_1,P4TLH_GTGCGGTTCATCGGAT_1,66.2527634823278
P5TLH_TACAGTGAGACTAGAT_1,P5TLH_TACAGTGAGACTAGAT_1,17.8686671869213
P3TLH_ACATACGTCCTTGCCA_1,P3TLH_ACATACGTCCTTGCCA_1,-13.239442080149
P3TLH_TTTGCGCTCTGCCCTA_1,P3TLH_TTTGCGCTCTGCCCTA_1,19.6986665310514
P3TLH_TAAACCGAGCTGTTCA_1,P3TLH_TAAACCGAGCTGTTCA_1,36.0732753346175
P5TLH_TCTGGAACAAGAGTCG_1,P5TLH_TCTGGAACAAGAGTCG_1,54.4462351083535
P3TLH_AGATCTGAGTAATCCC_1,P3TLH_AGATCTGAGTAATCCC_1,27.768031064346
P1TLH_CTAGTGATCGCGATCG_1,P1TLH_CTAGTGATCGCGATCG_1,38.5059436175899
P3TLH_CTGCGGACATAAGACA_1,P3TLH_CTGCGGACATAAGACA_1,-13.086464110768
P4TLH_CCTCAGTCATCCTTGC_1,P4TLH_CCTCAGTCATCCTTGC_1,41.6299179319442
P1TLH_CTCTACGTCGAGCCCA_1,P1TLH_CTCTACGTCGAGCCCA_1,24.3179816563662
P5TLH_GATGAGGGTACCGAGA_1,P5TLH_GATGAGGGTACCGAGA_1,25.9948611050263
P3TLH_TTGACTTCAAGGGTCA_1,P3TLH_TTGACTTCAAGGGTCA_1,10.4359486581941
P3TLH_ACTTACTGTCAAACTC_1,P3TLH_ACTTACTGTCAAACTC_1,14.5479274655678
P3TLH_AGTGGGAGTTTCGCTC_1,P3TLH_AGTGGGAGTTTCGCTC_1,21.0465685291401
P1TLH_AGCGTCGAGAACTGTA_1,P1TLH_AGCGTCGAGAACTGTA_1,28.4409926254373
P5TLH_TCTATTGAGGCGCTCT_1,P5TLH_TCTATTGAGGCGCTCT_1,24.3145556873876
P3TLH_CCTCTGAGTAACGCGA_1,P3TLH_CCTCTGAGTAACGCGA_1,10.7443692375773
P5TLH_ACACCCTTCAAAGACA_1,P5TLH_ACACCCTTCAAAGACA_1,64.5987592553435
P4TLH_ACCTTTATCACAGGCC_1,P4TLH_ACCTTTATCACAGGCC_1,27.0632498976492
P3TLH_ATGGGAGAGTCGTACT_1,P3TLH_ATGGGAGAGTCGTACT_1,25.1919671131931
P3TLH_CATTATCTCTCGTATT_1,P3TLH_CATTATCTCTCGTATT_1,8.37765655030507
P3TLH_ACACTGATCGCTTAGA_1,P3TLH_ACACTGATCGCTTAGA_1,17.4552465454298
P4TLH_GATGAAATCAGTACGT_1,P4TLH_GATGAAATCAGTACGT_1,24.5817555395624
P3TLH_ACACTGAGTCGGCACT_1,P3TLH_ACACTGAGTCGGCACT_1,30.7415094320746
P4TLH_CGCTTCATCGTACCGG_1,P4TLH_CGCTTCATCGTACCGG_1,43.4701953683359
P5TLH_CTTTGCGCACGTCAGC_1,P5TLH_CTTTGCGCACGTCAGC_1,28.6919151439115
P4TLH_AGTAGTCAGAAACCTA_1,P4TLH_AGTAGTCAGAAACCTA_1,24.6922072714366
P3TLH_GATGCTATCGGTTAAC_1,P3TLH_GATGCTATCGGTTAAC_1,27.3711606800968
P5TLH_CCTCTGAGTCCATCCT_1,P5TLH_CCTCTGAGTCCATCCT_1,25.0620809975332
P5TLH_CCTCAGTTCTCCAGGG_1,P5TLH_CCTCAGTTCTCCAGGG_1,7.26746230574787
P4TLH_ATCGAGTCAAACCTAC_1,P4TLH_ATCGAGTCAAACCTAC_1,42.7441370694089
P3TLH_GTATCTTAGTAGCGGT_1,P3TLH_GTATCTTAGTAGCGGT_1,10.889327312094
P5TLH_GTCGGGTTCTCGGACG_1,P5TLH_GTCGGGTTCTCGGACG_1,19.0108936816166
P4TLH_TGACTAGCACGTGAGA_1,P4TLH_TGACTAGCACGTGAGA_1,56.7102108086376
P5TLH_TCATTTGCAGACGCCT_1,P5TLH_TCATTTGCAGACGCCT_1,18.6023740077078
P1TLH_AGAATAGGTTTCGCTC_1,P1TLH_AGAATAGGTTTCGCTC_1,3.59453416620937
P5TLH_CGCGTTTTCCAGTAGT_1,P5TLH_CGCGTTTTCCAGTAGT_1,11.7139799186956
P3TLH_CATCAAGTCGTTGACA_1,P3TLH_CATCAAGTCGTTGACA_1,14.3488036149144
P5TLH_TGGCCAGCAAACCTAC_1,P5TLH_TGGCCAGCAAACCTAC_1,-31.0441544003874
P1TLH_GCCTCTACATGCCCGA_1,P1TLH_GCCTCTACATGCCCGA_1,29.8189326649603
P5TLH_GCGCGATAGGCTCTTA_1,P5TLH_GCGCGATAGGCTCTTA_1,-14734797.6260319
P4TLH_CCACGGATCGCGTAGC_1,P4TLH_CCACGGATCGCGTAGC_1,28.87994222717
P3TLH_TCGTACCGTTCGGCAC_1,P3TLH_TCGTACCGTTCGGCAC_1,4.17268707520897
P3TLH_TCAGGTAGTGGCTCCA_1,P3TLH_TCAGGTAGTGGCTCCA_1,9.75426478965859
P3TLH_CCTTCCCGTTGTTTGG_1,P3TLH_CCTTCCCGTTGTTTGG_1,21.1195279379813
P5TLH_GTTCGGGGTCGACTAT_1,P5TLH_GTTCGGGGTCGACTAT_1,19.4185651694888
P4TLH_CACAGTAAGAGGGCTT_1,P4TLH_CACAGTAAGAGGGCTT_1,29.4395821580716
P5TLH_CCATTCGCAGCCTTTC_1,P5TLH_CCATTCGCAGCCTTTC_1,22.4330499262395
P3TLH_GTCACAACAATCTACG_1,P3TLH_GTCACAACAATCTACG_1,12.7539396608436
P3TLH_GAAATGAAGCTTATCG_1,P3TLH_GAAATGAAGCTTATCG_1,30.3991237447399
P2TLH_AGCGTATCAACGATCT_1,P2TLH_AGCGTATCAACGATCT_1,30.7605232206931
P5TLH_AGGGTGATCATTTGGG_1,P5TLH_AGGGTGATCATTTGGG_1,23.3494875034037
P4TLH_TAGTGGTTCATTCACT_1,P4TLH_TAGTGGTTCATTCACT_1,20.8703777744061
P3TLH_CTCGTCAGTAGGCATG_1,P3TLH_CTCGTCAGTAGGCATG_1,4.18278709463411
P5TLH_GCAGCCATCACCGTAA_1,P5TLH_GCAGCCATCACCGTAA_1,21.1251093120168
P3TLH_CAGCTGGGTCCAACTA_1,P3TLH_CAGCTGGGTCCAACTA_1,24.3183786030231
P3TLH_CGTCAGGGTCTCATCC_1,P3TLH_CGTCAGGGTCTCATCC_1,32.3969210879451
P2TLH_GTAGGCCAGGATCGCA_1,P2TLH_GTAGGCCAGGATCGCA_1,2.36304449080097
P3TLH_AAGGCAGAGCCCGAAA_1,P3TLH_AAGGCAGAGCCCGAAA_1,-0.872810542954129
P3TLH_CGCGGTATCAGCTTAG_1,P3TLH_CGCGGTATCAGCTTAG_1,0.571990457114816
P5TLH_TTGGCAATCTGAGGGA_1,P5TLH_TTGGCAATCTGAGGGA_1,14.6284238699839
P3TLH_ACAGCTACACCGAAAG_1,P3TLH_ACAGCTACACCGAAAG_1,12.2556347198079
P1TLH_TTGAACGGTACAGTTC_1,P1TLH_TTGAACGGTACAGTTC_1,28.1620546050895
P1TLH_CCTTTCTAGGCTCTTA_1,P1TLH_CCTTTCTAGGCTCTTA_1,39.2722699770434
P3TLH_GAACATCGTCCAGTTA_1,P3TLH_GAACATCGTCCAGTTA_1,23.3475092019668
P3TLH_CGATCGGTCGGAGGTA_1,P3TLH_CGATCGGTCGGAGGTA_1,30.6370245687013
P1TLH_CTACGTCCATCACGAT_1,P1TLH_CTACGTCCATCACGAT_1,24.5463767919251
P5TLH_CAGTAACGTGAGTGAC_1,P5TLH_CAGTAACGTGAGTGAC_1,25.2512336503936
P3TLH_GTAACTGCACTCAGGC_1,P3TLH_GTAACTGCACTCAGGC_1,17.9706552486777
P3TLH_CCTCTGAAGCTCTCGG_1,P3TLH_CCTCTGAAGCTCTCGG_1,15.9080652122671
P5TLH_CAGTCCTTCCTCAACC_1,P5TLH_CAGTCCTTCCTCAACC_1,5.43169104182172
P3TLH_AACCATGCATCCCACT_1,P3TLH_AACCATGCATCCCACT_1,30.5071358434275
P3TLH_GACACGCAGCTAGTTC_1,P3TLH_GACACGCAGCTAGTTC_1,23.6196760958969
P4TLH_AAGGCAGAGACAGGCT_1,P4TLH_AAGGCAGAGACAGGCT_1,58.8638938536823
P3TLH_ACTTGTTCACCACGTG_1,P3TLH_ACTTGTTCACCACGTG_1,20.7949156015095
P4TLH_GTTCATTGTTTGACAC_1,P4TLH_GTTCATTGTTTGACAC_1,32.1473222937063
P5TLH_AGGGTGACACCGATAT_1,P5TLH_AGGGTGACACCGATAT_1,46.8787232166074
P3TLH_TACTCGCCATGTAAGA_1,P3TLH_TACTCGCCATGTAAGA_1,6.31107247473336
P3TLH_AATCCAGCAACTGCTA_1,P3TLH_AATCCAGCAACTGCTA_1,17.2784905190298
P3TLH_CTACGTCAGCCAGTTT_1,P3TLH_CTACGTCAGCCAGTTT_1,24.4110452073535
P1TLH_CCAATCCTCGATAGAA_1,P1TLH_CCAATCCTCGATAGAA_1,0.991946356002323
P3TLH_ACTGATGCACGGCTAC_1,P3TLH_ACTGATGCACGGCTAC_1,5.5419502534329
P1TLH_TACTCATGTAGCGTAG_1,P1TLH_TACTCATGTAGCGTAG_1,31.5341906909026
P4TLH_GATCGATCAGCATGAG_1,P4TLH_GATCGATCAGCATGAG_1,45.8175535625878
P3TLH_GGCCGATCAGATCTGT_1,P3TLH_GGCCGATCAGATCTGT_1,12.2164442231459
P5TLH_CTTGGCTGTCTCCATC_1,P5TLH_CTTGGCTGTCTCCATC_1,12.9249275734105
P1TLH_ACGGAGATCTATCGCC_1,P1TLH_ACGGAGATCTATCGCC_1,17.3194937736081
P5TLH_TCTGGAAGTTCTCATT_1,P5TLH_TCTGGAAGTTCTCATT_1,16.9244558346352
P3TLH_AGTGTCAGTATTAGCC_1,P3TLH_AGTGTCAGTATTAGCC_1,128.798083235615
P5TLH_TCTTTCCTCGCAAGCC_1,P5TLH_TCTTTCCTCGCAAGCC_1,40.4435278613699
P5TLH_CATCCACAGGCGATAC_1,P5TLH_CATCCACAGGCGATAC_1,51.5100695487714
P2TLH_GCAAACTAGGCCCTCA_1,P2TLH_GCAAACTAGGCCCTCA_1,31.2397538508794
P1TLH_CGGCTAGGTTAAGTAG_1,P1TLH_CGGCTAGGTTAAGTAG_1,27.2420002141952
P4TLH_GGCGACTCAGAAGCAC_1,P4TLH_GGCGACTCAGAAGCAC_1,31.6308905751712
P3TLH_AAGGTTCAGGCAGTCA_1,P3TLH_AAGGTTCAGGCAGTCA_1,18.2607026140149
P1TLH_CAAGTTGTCACCCGAG_1,P1TLH_CAAGTTGTCACCCGAG_1,25.7541904343858
P3TLH_TGACTTTTCTACTTAC_1,P3TLH_TGACTTTTCTACTTAC_1,21.2803772951402
P5TLH_TGTTCCGCACCATGTA_1,P5TLH_TGTTCCGCACCATGTA_1,75.6271298679984
P4TLH_AATCGGTTCGTCTGAA_1,P4TLH_AATCGGTTCGTCTGAA_1,33.2910511177756
P5TLH_TGACTAGGTTTGTTGG_1,P5TLH_TGACTAGGTTTGTTGG_1,5782421.40165178
P3TLH_GATCGATCAGCTCGCA_1,P3TLH_GATCGATCAGCTCGCA_1,32.7408106104483
P3TLH_TCCACACCATGTTCCC_1,P3TLH_TCCACACCATGTTCCC_1,22.8547094551108
P1TLH_ACCAGTAAGGATGTAT_1,P1TLH_ACCAGTAAGGATGTAT_1,38.5957359940285
P5TLH_CGTCCATGTCTGGAGA_1,P5TLH_CGTCCATGTCTGGAGA_1,15.0611762301088
P2TLH_ACAGCCGGTGGTAACG_1,P2TLH_ACAGCCGGTGGTAACG_1,52.2631147048079
P5TLH_GGGACCTTCAGAGGTG_1,P5TLH_GGGACCTTCAGAGGTG_1,11.4906983816048
P5TLH_GTAGTCAGTTAGAACA_1,P5TLH_GTAGTCAGTTAGAACA_1,34.2839156431767
P3TLH_AGCTCTCGTGAACCTT_1,P3TLH_AGCTCTCGTGAACCTT_1,9.36801991438287
P5TLH_GAGCAGACACCCTATC_1,P5TLH_GAGCAGACACCCTATC_1,108.641574317475
P3TLH_CATTCGCTCGTAGGAG_1,P3TLH_CATTCGCTCGTAGGAG_1,2.94185179095626
P5TLH_GCATACATCTAACTGG_1,P5TLH_GCATACATCTAACTGG_1,28.4178711906982
P3TLH_GAGGTGACAAGAAGAG_1,P3TLH_GAGGTGACAAGAAGAG_1,14.4758129831728
P3TLH_TGGGCGTTCTAAGCCA_1,P3TLH_TGGGCGTTCTAAGCCA_1,28.548194051638
P2TLH_ATGCGATCAAACCCAT_1,P2TLH_ATGCGATCAAACCCAT_1,7.60934162375074
P2TLH_AACACGTCACGGCTAC_1,P2TLH_AACACGTCACGGCTAC_1,14.2831773027265
P5TLH_CAGCTAAAGTCGAGTG_1,P5TLH_CAGCTAAAGTCGAGTG_1,25.9843348071938
P5TLH_ATCTACTAGACCTTTG_1,P5TLH_ATCTACTAGACCTTTG_1,19.171009477821
P3TLH_GACGTGCTCGCATGGC_1,P3TLH_GACGTGCTCGCATGGC_1,-14734797.6260319
P3TLH_TTTGCGCCAATCAGAA_1,P3TLH_TTTGCGCCAATCAGAA_1,20.7249209255298
P5TLH_TAGTGGTTCGGTTCGG_1,P5TLH_TAGTGGTTCGGTTCGG_1,19.0040768146081
P1TLH_GTTTCTAAGGGTTCCC_1,P1TLH_GTTTCTAAGGGTTCCC_1,66.2007224278069
P1TLH_GACAGAGGTCAAAGCG_1,P1TLH_GACAGAGGTCAAAGCG_1,49.6912336882385
P3TLH_CTTAGGAAGACACTAA_1,P3TLH_CTTAGGAAGACACTAA_1,20.1584582806845
P5TLH_AACTTTCTCTGCAGTA_1,P5TLH_AACTTTCTCTGCAGTA_1,9.59896332523061
P3TLH_GCACATACATCACGTA_1,P3TLH_GCACATACATCACGTA_1,29.7043188958484
P3TLH_ATTGGACTCAGAGCTT_1,P3TLH_ATTGGACTCAGAGCTT_1,21.7106648236661
P3TLH_GCGCAGTTCTAACTCT_1,P3TLH_GCGCAGTTCTAACTCT_1,24.5587968065638
P4TLH_AGAGTGGCATCAGTAC_1,P4TLH_AGAGTGGCATCAGTAC_1,4.26208878547319
P5TLH_ATAAGAGAGATAGTCA_1,P5TLH_ATAAGAGAGATAGTCA_1,14.0513776022479
P3TLH_AACACGTGTGACGGTA_1,P3TLH_AACACGTGTGACGGTA_1,11.3222116083065
P4TLH_ATTATCCCATGCCTAA_1,P4TLH_ATTATCCCATGCCTAA_1,69.9782277840526
P1TLH_CCTAAAGGTCGAGATG_1,P1TLH_CCTAAAGGTCGAGATG_1,13.3964563880244
P1TLH_GATGAAATCGGCCGAT_1,P1TLH_GATGAAATCGGCCGAT_1,36.2149815235398
P3TLH_GTCAAGTAGACTTGAA_1,P3TLH_GTCAAGTAGACTTGAA_1,2.0073166649592
P2TLH_CCTTCCCAGTGCGATG_1,P2TLH_CCTTCCCAGTGCGATG_1,50.73670700206
P5TLH_GGCAATTTCACATACG_1,P5TLH_GGCAATTTCACATACG_1,18.3129777374259
P3TLH_GAAACTCCATAGTAAG_1,P3TLH_GAAACTCCATAGTAAG_1,3.26910494459441
P5TLH_ACATACGCATGCTAGT_1,P5TLH_ACATACGCATGCTAGT_1,22.9895025063507
P1TLH_GGCTCGAAGAAGCCCA_1,P1TLH_GGCTCGAAGAAGCCCA_1,63.0548110589236
P2TLH_GACGCGTGTGTGACGA_1,P2TLH_GACGCGTGTGTGACGA_1,26.2727171449062
P3TLH_TGAAAGATCTCGATGA_1,P3TLH_TGAAAGATCTCGATGA_1,21.4550631517925
P5TLH_TGAAAGAGTCAACATC_1,P5TLH_TGAAAGAGTCAACATC_1,23.6134758545353
P1TLH_CGAGCCATCGGTTCGG_1,P1TLH_CGAGCCATCGGTTCGG_1,55.4286922424281
P4TLH_CACACAACAATGAAAC_1,P4TLH_CACACAACAATGAAAC_1,22.1107630247571
P5TLH_TGCCCATCACGCCAGT_1,P5TLH_TGCCCATCACGCCAGT_1,21.2161926557568
P5TLH_TGGGAAGCATGCAACT_1,P5TLH_TGGGAAGCATGCAACT_1,33.1059628131604
P1TLH_GAAGCAGCAGGGTTAG_1,P1TLH_GAAGCAGCAGGGTTAG_1,36.9591437609778
P5TLH_TAGTGGTTCACCAGGC_1,P5TLH_TAGTGGTTCACCAGGC_1,22.8334271122375
P4TLH_GTGCGGTAGTGAACAT_1,P4TLH_GTGCGGTAGTGAACAT_1,12.0752335810298
P3TLH_ATCTGCCGTGTCCTCT_1,P3TLH_ATCTGCCGTGTCCTCT_1,24.4943009296101
P3TLH_GAGTCCGGTTTACTCT_1,P3TLH_GAGTCCGGTTTACTCT_1,13.4019266864077
P4TLH_CGTAGGCCACACAGAG_1,P4TLH_CGTAGGCCACACAGAG_1,24.2212184969892
P3TLH_TCGGTAAGTCGGCATC_1,P3TLH_TCGGTAAGTCGGCATC_1,20.1008283913142
P1TLH_TCAACGATCTCGATGA_1,P1TLH_TCAACGATCTCGATGA_1,53.7398578306543
P5TLH_ACGCAGCTCGGTCTAA_1,P5TLH_ACGCAGCTCGGTCTAA_1,34.3905721244094
P1TLH_GCAAACTAGCTAGTGG_1,P1TLH_GCAAACTAGCTAGTGG_1,45.7139101692967
P4TLH_CTCTAATCATCGGAAG_1,P4TLH_CTCTAATCATCGGAAG_1,87.2762724114482
P2TLH_GTTACAGGTTCCCGAG_1,P2TLH_GTTACAGGTTCCCGAG_1,17.3000618479132
P5TLH_CCTTACGGTTCAGACT_1,P5TLH_CCTTACGGTTCAGACT_1,50.9970746567877
P5TLH_GCATGATGTCGTTGTA_1,P5TLH_GCATGATGTCGTTGTA_1,26.1820955702656
P4TLH_AACTCTTGTGCTAGCC_1,P4TLH_AACTCTTGTGCTAGCC_1,22.6099558478154
P2TLH_GTCCTCAGTCATATCG_1,P2TLH_GTCCTCAGTCATATCG_1,23.0692313543062
P3TLH_TGTCCCATCATGTGGT_1,P3TLH_TGTCCCATCATGTGGT_1,21.0852199329517
P5TLH_TCGCGAGTCAAGCCTA_1,P5TLH_TCGCGAGTCAAGCCTA_1,8.25566204830749
P5TLH_GTCATTTGTTATCCGA_1,P5TLH_GTCATTTGTTATCCGA_1,17.4802821935306
P4TLH_CCGTGGACAGGGATTG_1,P4TLH_CCGTGGACAGGGATTG_1,11.0534595595493
P4TLH_AGGCCGTTCGTCACGG_1,P4TLH_AGGCCGTTCGTCACGG_1,26.3101230052893
P3TLH_CATATGGGTTGGAGGT_1,P3TLH_CATATGGGTTGGAGGT_1,83.5866912616218
P3TLH_TTTGTCACATCCTTGC_1,P3TLH_TTTGTCACATCCTTGC_1,8.99445516592282
P3TLH_CAGGTGCTCTTCAACT_1,P3TLH_CAGGTGCTCTTCAACT_1,2.28765998711721
P3TLH_GATCTAGCATCTCGCT_1,P3TLH_GATCTAGCATCTCGCT_1,15.0152273144582
P2TLH_GGCCGATCAGCTATTG_1,P2TLH_GGCCGATCAGCTATTG_1,100.078586274618
P3TLH_GCGCAACTCATCACCC_1,P3TLH_GCGCAACTCATCACCC_1,27.449371150986
P3TLH_TAAACCGGTCCCTTGT_1,P3TLH_TAAACCGGTCCCTTGT_1,20.1248412120498
P3TLH_CGGAGTCGTAAACACA_1,P3TLH_CGGAGTCGTAAACACA_1,-14734797.6260319
P3TLH_CAACCAATCCAGATCA_1,P3TLH_CAACCAATCCAGATCA_1,30.7536972063806
P3TLH_CCAGCGAAGTCGCCGT_1,P3TLH_CCAGCGAAGTCGCCGT_1,26.1235575003942
P1TLH_CGTCCATTCACATACG_1,P1TLH_CGTCCATTCACATACG_1,34.741308242759
P3TLH_TGTGTTTTCTCGAGTA_1,P3TLH_TGTGTTTTCTCGAGTA_1,16.9309371465348
P3TLH_GATCGATAGGCCCTCA_1,P3TLH_GATCGATAGGCCCTCA_1,28.2579110249747
P5TLH_AAGGTTCGTTTGTTGG_1,P5TLH_AAGGTTCGTTTGTTGG_1,14.8630212151592
P1TLH_GACAGAGGTGTGGCTC_1,P1TLH_GACAGAGGTGTGGCTC_1,27.6891126269424
P1TLH_GCATGTATCGGTGTCG_1,P1TLH_GCATGTATCGGTGTCG_1,69.1381837905967
P1TLH_ACAGCCGCATCGTCGG_1,P1TLH_ACAGCCGCATCGTCGG_1,11.8294360895661
P2TLH_ATCGAGTAGTACGCCC_1,P2TLH_ATCGAGTAGTACGCCC_1,35.9368747229472
P3TLH_GGGTTGCCATCTGGTA_1,P3TLH_GGGTTGCCATCTGGTA_1,8.97323267394399
P2TLH_TATCTCAGTCTCATCC_1,P2TLH_TATCTCAGTCTCATCC_1,12.5709250743104
P2TLH_TGCCCATCACGACGAA_1,P2TLH_TGCCCATCACGACGAA_1,15.3429817515395
P3TLH_GAACCTAAGACCTAGG_1,P3TLH_GAACCTAAGACCTAGG_1,18.013345662636
P3TLH_ATCTACTGTCTAAACC_1,P3TLH_ATCTACTGTCTAAACC_1,1.27290673505371
P3TLH_TACGGGCAGTGTACCT_1,P3TLH_TACGGGCAGTGTACCT_1,23.0260774637734
P3TLH_CGAGCCATCAGCACAT_1,P3TLH_CGAGCCATCAGCACAT_1,9.43009275899606
P3TLH_ACACCAATCTTTCCTC_1,P3TLH_ACACCAATCTTTCCTC_1,25.9707196912397
P3TLH_TAGAGCTTCACCTTAT_1,P3TLH_TAGAGCTTCACCTTAT_1,22.2972374058035
P1TLH_GACTACACACATGGGA_1,P1TLH_GACTACACACATGGGA_1,5.44641553248609
P1TLH_GGGTTGCGTTCAGACT_1,P1TLH_GGGTTGCGTTCAGACT_1,-0.488398843355588
P5TLH_TGAGCCGCATCCGGGT_1,P5TLH_TGAGCCGCATCCGGGT_1,10.813851897591
P3TLH_ACTTGTTAGGCTCATT_1,P3TLH_ACTTGTTAGGCTCATT_1,75.2264376295113
P1TLH_CTTAGGAAGTTTCCTT_1,P1TLH_CTTAGGAAGTTTCCTT_1,11.6545250963921
P5TLH_GCTGCAGGTTAAGACA_1,P5TLH_GCTGCAGGTTAAGACA_1,17.4258189481325
P4TLH_CCACCTAGTACAGACG_1,P4TLH_CCACCTAGTACAGACG_1,24.7920272284734
P3TLH_ACGCAGCCACCGGAAA_1,P3TLH_ACGCAGCCACCGGAAA_1,46.3289213801651
P1TLH_GTGCATACATACGCTA_1,P1TLH_GTGCATACATACGCTA_1,22.0812748086034
P3TLH_AACTCTTCAGCTGCTG_1,P3TLH_AACTCTTCAGCTGCTG_1,41.9424106849093
P1TLH_AGATCTGTCAACACAC_1,P1TLH_AGATCTGTCAACACAC_1,8.39785439640461
P1TLH_CTCAGAATCATATCGG_1,P1TLH_CTCAGAATCATATCGG_1,13.4670107261532
P1TLH_CCTTACGCAGGGATTG_1,P1TLH_CCTTACGCAGGGATTG_1,17.877385719533
P5TLH_GGTGAAGTCTAAGCCA_1,P5TLH_GGTGAAGTCTAAGCCA_1,58.6789196707693
P3TLH_CCGGTAGGTTCTCATT_1,P3TLH_CCGGTAGGTTCTCATT_1,27.9900375765147
P5TLH_GGCTCGACATCGATGT_1,P5TLH_GGCTCGACATCGATGT_1,15.1075863384415
P5TLH_ACCTTTAAGGGCTCTC_1,P5TLH_ACCTTTAAGGGCTCTC_1,23.3864229294623
P5TLH_AAAGATGAGATCCCAT_1,P5TLH_AAAGATGAGATCCCAT_1,32.2948049194416
P4TLH_GTAGTCACATTTGCTT_1,P4TLH_GTAGTCACATTTGCTT_1,44.4193458484059
P2TLH_GAACCTACAGCTCCGA_1,P2TLH_GAACCTACAGCTCCGA_1,29.532799737192
P1TLH_TATGCCCTCTAACTTC_1,P1TLH_TATGCCCTCTAACTTC_1,23.8343726988627
P3TLH_ACACCAACAGGCTCAC_1,P3TLH_ACACCAACAGGCTCAC_1,16.0237698669148
P1TLH_AGAATAGCATCTCCCA_1,P1TLH_AGAATAGCATCTCCCA_1,37.0247234321214
P3TLH_AGGGATGGTAATCACC_1,P3TLH_AGGGATGGTAATCACC_1,20.2776796963825
P3TLH_GGTGAAGCACTTACGA_1,P3TLH_GGTGAAGCACTTACGA_1,52.65323322466
P3TLH_CGGGTCACAAGCCGCT_1,P3TLH_CGGGTCACAAGCCGCT_1,23.9957360421046
P3TLH_TGAGGGATCACCCTCA_1,P3TLH_TGAGGGATCACCCTCA_1,9.98703585752763
P1TLH_CGAGAAGGTTATGCGT_1,P1TLH_CGAGAAGGTTATGCGT_1,16.8765820914299
P1TLH_AGGCCACGTCCAGTTA_1,P1TLH_AGGCCACGTCCAGTTA_1,49.0816039198469
P3TLH_GGAATAAAGCAATATG_1,P3TLH_GGAATAAAGCAATATG_1,20.6155924023208
P3TLH_CTTAACTTCGTTACGA_1,P3TLH_CTTAACTTCGTTACGA_1,29.8344968182877
P3TLH_CAGCAGCCAGTGACAG_1,P3TLH_CAGCAGCCAGTGACAG_1,-16.0221357634832
P3TLH_GCATGATAGTTCCACA_1,P3TLH_GCATGATAGTTCCACA_1,26.5522329184076
P3TLH_ATTGGACAGTGAATTG_1,P3TLH_ATTGGACAGTGAATTG_1,24.0801398319515
P4TLH_TAAACCGGTCTGCAAT_1,P4TLH_TAAACCGGTCTGCAAT_1,39.9011910915382
P1TLH_AGCGTCGAGGGTGTGT_1,P1TLH_AGCGTCGAGGGTGTGT_1,45.2331489736881
P2TLH_TTTATGCCACCACCAG_1,P2TLH_TTTATGCCACCACCAG_1,82.4070953045478
P5TLH_CGCCAAGGTCGGCTCA_1,P5TLH_CGCCAAGGTCGGCTCA_1,14.4889054171758
P1TLH_CATCAAGCATACAGCT_1,P1TLH_CATCAAGCATACAGCT_1,23.4790950616136
P4TLH_TACTCATCAGCGTCCA_1,P4TLH_TACTCATCAGCGTCCA_1,24.8729458787736
P3TLH_AGGTCATAGTAGATGT_1,P3TLH_AGGTCATAGTAGATGT_1,24.7422810319978
P3TLH_TCGCGAGGTAGAGCTG_1,P3TLH_TCGCGAGGTAGAGCTG_1,12.4478037684556
P5TLH_GGTGCGTGTCTCTCGT_1,P5TLH_GGTGCGTGTCTCTCGT_1,21.8296428532828
P5TLH_TACTCATCATTCACTT_1,P5TLH_TACTCATCATTCACTT_1,5759391.45578921
P3TLH_CTGCGGACAGCTCGCA_1,P3TLH_CTGCGGACAGCTCGCA_1,35.3324541430404
P5TLH_GGGATGATCCTTGGTC_1,P5TLH_GGGATGATCCTTGGTC_1,24.3792733175864
P3TLH_GAAGCAGCAACCGCCA_1,P3TLH_GAAGCAGCAACCGCCA_1,17.9936752648704
P3TLH_GCTTGAAAGCCCAACC_1,P3TLH_GCTTGAAAGCCCAACC_1,24.0978911459485
P5TLH_GTTCGGGTCCGCTGTT_1,P5TLH_GTTCGGGTCCGCTGTT_1,20.167473619976
P1TLH_CGTGAGCTCAAACGGG_1,P1TLH_CGTGAGCTCAAACGGG_1,94.6906912885099
P5TLH_ATGTGTGGTCTCTTAT_1,P5TLH_ATGTGTGGTCTCTTAT_1,12.0463963724281
P5TLH_TCTCATAAGGCAATTA_1,P5TLH_TCTCATAAGGCAATTA_1,15.4811208127701
P3TLH_TCCACACGTCTAGAGG_1,P3TLH_TCCACACGTCTAGAGG_1,15.0547060576441
P3TLH_GTGCTTCCAACGATGG_1,P3TLH_GTGCTTCCAACGATGG_1,40.1782482829793
P5TLH_GGTGCGTCAACTGGCC_1,P5TLH_GGTGCGTCAACTGGCC_1,24.1567767747511
P5TLH_TACGGGCGTATCGCAT_1,P5TLH_TACGGGCGTATCGCAT_1,7.75082834254503
P3TLH_CTAGAGTTCACAATGC_1,P3TLH_CTAGAGTTCACAATGC_1,75.4352639445429
P1TLH_GAAATGAAGTCCGTAT_1,P1TLH_GAAATGAAGTCCGTAT_1,18.9329603517898
P3TLH_ACATCAGGTCTAAACC_1,P3TLH_ACATCAGGTCTAAACC_1,100.764531464372
P2TLH_GGGCATCGTGGCTCCA_1,P2TLH_GGGCATCGTGGCTCCA_1,28.863181260692
P3TLH_AAGGTTCAGGCTAGGT_1,P3TLH_AAGGTTCAGGCTAGGT_1,11.2588548698564
